{
  "batch_size": 256,
  "best_epoch": 540,
  "best_test_loss": 0.1291943055888017,
  "bias": 0.01837202161550522,
  "coverage_80": 0.7136364322708261,
  "coverage_90": 0.8395744937865222,
  "data_removal_ratio": 0.5,
  "early_stopped": true,
  "early_stopping_min_delta": 0.0,
  "early_stopping_patience": 50,
  "epochs_ran": 590,
  "final_test_loss": 0.1291943055888017,
  "final_train_loss": 0.11354827135801315,
  "future_len": 2000,
  "hidden_size": 128,
  "initial_weights_path": "",
  "interval_width_80": 0.3876379430294037,
  "interval_width_90": 0.5028057098388672,
  "iqn_eval_samples": 100,
  "iqn_quantiles": "0.05,0.10,0.50,0.90,0.95",
  "iqn_tau_embedding_dim": 64,
  "iqn_train_samples": 8,
  "learning_rate": 0.0002,
  "mae": 0.14262861013412476,
  "median_mae": 0.14262861013412476,
  "median_mse": 0.0323946550488472,
  "median_rmse": 0.17998515230109177,
  "model_variant": "gru_temporal_iqn",
  "mse": 0.0323946550488472,
  "num_epochs": 1000,
  "num_points": 132454.0,
  "num_windows": 1326.0,
  "objective": "IQN robustez severa",
  "past_len": 8000,
  "pos_encoding_dim": 128,
  "quantile_loss": 0.03430071845650673,
  "rmse": 0.17998515230109177,
  "run_name": "cenario_L_GRU_temporal_IQN_missing_0p5",
  "seed": 100,
  "selected_model_epoch": 540,
  "sliding_window_step": 25,
  "time_scale": 1.0,
  "weight_decay": 1e-05
}