{
  "batch_size": 256,
  "best_epoch": 926,
  "best_test_loss": 0.10951471949617068,
  "bias": 0.007860750891268253,
  "coverage_80": 0.7282664646726735,
  "coverage_90": 0.8564475561935292,
  "data_removal_ratio": 0.1,
  "early_stopped": true,
  "early_stopping_min_delta": 0.0,
  "early_stopping_patience": 50,
  "epochs_ran": 976,
  "final_test_loss": 0.10951471949617068,
  "final_train_loss": 0.10765379667282104,
  "future_len": 2000,
  "hidden_size": 128,
  "initial_weights_path": "",
  "interval_width_80": 0.3473951518535614,
  "interval_width_90": 0.4589686393737793,
  "iqn_eval_samples": 100,
  "iqn_quantiles": "0.05,0.10,0.50,0.90,0.95",
  "iqn_tau_embedding_dim": 64,
  "iqn_train_samples": 8,
  "learning_rate": 0.0002,
  "mae": 0.12395395338535309,
  "median_mae": 0.12395395338535309,
  "median_mse": 0.024876631796360016,
  "median_rmse": 0.1577232760132759,
  "model_variant": "gru_temporal_iqn",
  "mse": 0.024876631796360016,
  "num_epochs": 1000,
  "num_points": 238951.0,
  "num_windows": 1328.0,
  "objective": "IQN robustez",
  "past_len": 8000,
  "pos_encoding_dim": 128,
  "quantile_loss": 0.029892249032855034,
  "rmse": 0.1577232760132759,
  "run_name": "cenario_J_GRU_temporal_IQN_missing_0p1",
  "seed": 100,
  "selected_model_epoch": 926,
  "sliding_window_step": 25,
  "time_scale": 1.0,
  "weight_decay": 1e-05
}