{
  "batch_size": 256,
  "best_epoch": 292,
  "best_test_loss": 0.1408247264722983,
  "bias": -0.0131498072296381,
  "coverage_80": 0.786668171387729,
  "coverage_90": 0.8936054728854639,
  "data_removal_ratio": 0.3,
  "early_stopped": true,
  "early_stopping_min_delta": 0.0,
  "early_stopping_patience": 50,
  "epochs_ran": 342,
  "final_test_loss": 0.1408247264722983,
  "final_train_loss": 0.14892232418060303,
  "future_len": 2000,
  "hidden_size": 128,
  "initial_weights_path": "",
  "interval_width_80": 0.5110631585121155,
  "interval_width_90": 0.6647909879684448,
  "iqn_eval_samples": 100,
  "iqn_quantiles": "0.05,0.10,0.50,0.90,0.95",
  "iqn_tau_embedding_dim": 64,
  "iqn_train_samples": 8,
  "learning_rate": 0.0002,
  "mae": 0.1633666604757309,
  "median_mae": 0.1633666604757309,
  "median_mse": 0.04233456403017044,
  "median_rmse": 0.20575364888664902,
  "model_variant": "gru_temporal_iqn",
  "mse": 0.04233456403017044,
  "num_epochs": 1000,
  "num_points": 186081.0,
  "num_windows": 1328.0,
  "objective": "IQN recuperacao principal",
  "past_len": 8000,
  "pos_encoding_dim": 128,
  "quantile_loss": 0.03871016576886177,
  "rmse": 0.20575364888664902,
  "run_name": "cenario_K_GRU_temporal_IQN_missing_0p3",
  "seed": 100,
  "selected_model_epoch": 292,
  "sliding_window_step": 25,
  "time_scale": 1.0,
  "weight_decay": 1e-05
}