{
  "batch_size": 256,
  "best_epoch": 819,
  "best_test_loss": 0.10930230095982552,
  "bias": -0.00029856577748432755,
  "coverage_80": 0.7679743975903615,
  "coverage_90": 0.8758546686746987,
  "data_removal_ratio": 0.0,
  "early_stopped": true,
  "early_stopping_min_delta": 0.0,
  "early_stopping_patience": 50,
  "epochs_ran": 869,
  "final_test_loss": 0.10930230095982552,
  "final_train_loss": 0.11552783846855164,
  "future_len": 2000,
  "hidden_size": 128,
  "initial_weights_path": "",
  "interval_width_80": 0.3871776759624481,
  "interval_width_90": 0.506743311882019,
  "iqn_eval_samples": 100,
  "iqn_quantiles": "0.05,0.10,0.50,0.90,0.95",
  "iqn_tau_embedding_dim": 64,
  "iqn_train_samples": 8,
  "learning_rate": 0.0002,
  "mae": 0.12503479421138763,
  "median_mae": 0.12503479421138763,
  "median_mse": 0.02594483271241188,
  "median_rmse": 0.16107399762969776,
  "model_variant": "gru_temporal_iqn",
  "mse": 0.02594483271241188,
  "num_epochs": 1000,
  "num_points": 265600.0,
  "num_windows": 1328.0,
  "objective": "IQN controle",
  "past_len": 8000,
  "pos_encoding_dim": 128,
  "quantile_loss": 0.030407538637518883,
  "rmse": 0.16107399762969776,
  "run_name": "cenario_I_GRU_temporal_IQN_missing_0p0",
  "seed": 100,
  "selected_model_epoch": 819,
  "sliding_window_step": 25,
  "time_scale": 1.0,
  "weight_decay": 1e-05
}