{
  "batch_size": 256,
  "best_test_loss": 0.2180286484460036,
  "bias": 0.06152104586362839,
  "data_removal_ratio": 0.0,
  "final_test_loss": 0.4250304698944092,
  "final_train_loss": 0.0788291177966378,
  "future_len": 2000,
  "hidden_size": 128,
  "learning_rate": 0.0002,
  "mae": 0.1840689480304718,
  "model_variant": "gru_base",
  "mse": 0.0550713948905468,
  "num_epochs": 1000,
  "num_points": 265600.0,
  "num_windows": 1328.0,
  "objective": "baseline ideal",
  "past_len": 8000,
  "pos_encoding_dim": 128,
  "rmse": 0.23467295304433103,
  "run_name": "cenario_A_GRU_base_missing_0p0",
  "seed": 100,
  "sliding_window_step": 25,
  "time_scale": 1.0,
  "weight_decay": 1e-05
}