{
  "batch_size": 256,
  "best_test_loss": 0.48978163798650104,
  "bias": 0.10092111676931381,
  "data_removal_ratio": 0.5,
  "final_test_loss": 0.5753558576107025,
  "final_train_loss": 0.5687232089765144,
  "future_len": 2000,
  "hidden_size": 128,
  "learning_rate": 0.0002,
  "mae": 0.22935280203819275,
  "model_variant": "gru_base",
  "mse": 0.08530989289283752,
  "num_epochs": 100,
  "num_points": 132454.0,
  "num_windows": 1326.0,
  "objective": "degradacao severa",
  "past_len": 8000,
  "pos_encoding_dim": 128,
  "rmse": 0.29207857314914,
  "run_name": "cenario_D_GRU_base_missing_0p5",
  "seed": 100,
  "sliding_window_step": 25,
  "time_scale": 1.0,
  "weight_decay": 1e-05
}