{
  "batch_size": 256,
  "best_test_loss": 0.23933366437753043,
  "bias": 0.04043333977460861,
  "data_removal_ratio": 0.1,
  "final_test_loss": 0.2480620046456655,
  "final_train_loss": 0.25381850428653485,
  "future_len": 2000,
  "hidden_size": 128,
  "learning_rate": 0.0002,
  "mae": 0.16168750822544098,
  "model_variant": "gru_temporal",
  "mse": 0.040967218577861786,
  "num_epochs": 100,
  "num_points": 238951.0,
  "num_windows": 1328.0,
  "objective": "robustez",
  "past_len": 8000,
  "pos_encoding_dim": 128,
  "rmse": 0.20240360317410802,
  "run_name": "cenario_F_GRU_temporal_missing_0p1",
  "seed": 100,
  "sliding_window_step": 25,
  "time_scale": 1.0,
  "weight_decay": 1e-05
}