{
  "batch_size": 256,
  "best_test_loss": 0.30189191301663715,
  "bias": 0.03423388674855232,
  "data_removal_ratio": 0.1,
  "final_test_loss": 0.31376317391792935,
  "final_train_loss": 0.3857987297303749,
  "future_len": 2000,
  "hidden_size": 128,
  "learning_rate": 0.0002,
  "mae": 0.18060214817523956,
  "model_variant": "gru_base",
  "mse": 0.05096757039427757,
  "num_epochs": 100,
  "num_points": 238951.0,
  "num_windows": 1328.0,
  "objective": "robustez",
  "past_len": 8000,
  "pos_encoding_dim": 128,
  "rmse": 0.22575998404118824,
  "run_name": "cenario_B_GRU_base_missing_0p1",
  "seed": 100,
  "sliding_window_step": 25,
  "time_scale": 1.0,
  "weight_decay": 1e-05
}