{
  "batch_size": 256,
  "best_test_loss": 0.24644862612088522,
  "bias": 0.039192017167806625,
  "data_removal_ratio": 0.5,
  "final_test_loss": 0.28012152512868244,
  "final_train_loss": 0.02622020583261143,
  "future_len": 2000,
  "hidden_size": 128,
  "learning_rate": 0.0002,
  "mae": 0.16173918545246124,
  "model_variant": "gru_temporal",
  "mse": 0.044238440692424774,
  "num_epochs": 1000,
  "num_points": 132454.0,
  "num_windows": 1326.0,
  "objective": "robustez severa",
  "past_len": 8000,
  "pos_encoding_dim": 128,
  "rmse": 0.21032936241149208,
  "run_name": "cenario_H_GRU_temporal_missing_0p5",
  "seed": 100,
  "sliding_window_step": 25,
  "time_scale": 1.0,
  "weight_decay": 1e-05
}