{
  "batch_size": 256,
  "best_test_loss": 0.4243687341610591,
  "bias": 0.05237964913249016,
  "data_removal_ratio": 0.3,
  "final_test_loss": 0.44276772687832516,
  "final_train_loss": 0.510744804685766,
  "future_len": 2000,
  "hidden_size": 128,
  "learning_rate": 0.0002,
  "mae": 0.21025286614894867,
  "model_variant": "gru_base",
  "mse": 0.07173324376344681,
  "num_epochs": 100,
  "num_points": 186081.0,
  "num_windows": 1328.0,
  "objective": "degradacao principal",
  "past_len": 8000,
  "pos_encoding_dim": 128,
  "rmse": 0.26783062514105216,
  "run_name": "cenario_C_GRU_base_missing_0p3",
  "seed": 100,
  "sliding_window_step": 25,
  "time_scale": 1.0,
  "weight_decay": 1e-05
}