{
  "batch_size": 256,
  "best_test_loss": 0.21936207388838133,
  "bias": 0.04652104899287224,
  "data_removal_ratio": 0.0,
  "final_test_loss": 0.23363041008512178,
  "final_train_loss": 0.24099086089567703,
  "future_len": 2000,
  "hidden_size": 128,
  "learning_rate": 0.0002,
  "mae": 0.15598997473716736,
  "model_variant": "gru_temporal",
  "mse": 0.03821760416030884,
  "num_epochs": 100,
  "num_points": 265600.0,
  "num_windows": 1328.0,
  "objective": "controle",
  "past_len": 8000,
  "pos_encoding_dim": 128,
  "rmse": 0.19549323302945512,
  "run_name": "cenario_E_GRU_temporal_missing_0p0",
  "seed": 100,
  "sliding_window_step": 25,
  "time_scale": 1.0,
  "weight_decay": 1e-05
}