{
  "batch_size": 256,
  "best_test_loss": 0.25302064915498096,
  "bias": 0.04470900073647499,
  "data_removal_ratio": 0.5,
  "final_test_loss": 0.2637280970811844,
  "final_train_loss": 0.2285919753891049,
  "future_len": 2000,
  "hidden_size": 128,
  "learning_rate": 0.0002,
  "mae": 0.16457204520702362,
  "model_variant": "gru_temporal",
  "mse": 0.04192380607128143,
  "num_epochs": 100,
  "num_points": 132454.0,
  "num_windows": 1326.0,
  "objective": "robustez severa",
  "past_len": 8000,
  "pos_encoding_dim": 128,
  "rmse": 0.20475303678158582,
  "run_name": "cenario_H_GRU_temporal_missing_0p5",
  "seed": 100,
  "sliding_window_step": 25,
  "time_scale": 1.0,
  "weight_decay": 1e-05
}