{
  "batch_size": 256,
  "best_test_loss": 0.17662828229367733,
  "bias": 0.020209064707159996,
  "data_removal_ratio": 0.1,
  "final_test_loss": 0.2221677005290985,
  "final_train_loss": 0.03491424407922861,
  "future_len": 2000,
  "hidden_size": 128,
  "learning_rate": 0.0002,
  "mae": 0.14307744801044464,
  "model_variant": "gru_temporal",
  "mse": 0.03577706962823868,
  "num_epochs": 1000,
  "num_points": 238951.0,
  "num_windows": 1328.0,
  "objective": "robustez",
  "past_len": 8000,
  "pos_encoding_dim": 128,
  "rmse": 0.189148274187841,
  "run_name": "cenario_F_GRU_temporal_missing_0p1",
  "seed": 100,
  "sliding_window_step": 25,
  "time_scale": 1.0,
  "weight_decay": 1e-05
}