{
  "batch_size": 256,
  "best_test_loss": 0.3631216461459796,
  "bias": 0.04232421889901161,
  "data_removal_ratio": 0.0,
  "final_test_loss": 0.37817058712244034,
  "final_train_loss": 0.4058630818670446,
  "future_len": 2000,
  "hidden_size": 128,
  "learning_rate": 0.0002,
  "mae": 0.20197884738445282,
  "model_variant": "gru_base",
  "mse": 0.06128714606165886,
  "num_epochs": 100,
  "num_points": 265600.0,
  "num_windows": 1328.0,
  "objective": "baseline ideal",
  "past_len": 8000,
  "pos_encoding_dim": 128,
  "rmse": 0.24756240841787522,
  "run_name": "cenario_A_GRU_base_missing_0p0",
  "seed": 100,
  "sliding_window_step": 25,
  "time_scale": 1.0,
  "weight_decay": 1e-05
}