{
  "batch_size": 256,
  "best_test_loss": 0.1816569281121095,
  "bias": 0.02982392907142639,
  "data_removal_ratio": 0.3,
  "final_test_loss": 0.2450328270594279,
  "final_train_loss": 0.03614593771370975,
  "future_len": 2000,
  "hidden_size": 128,
  "learning_rate": 0.0002,
  "mae": 0.15026867389678955,
  "model_variant": "gru_temporal",
  "mse": 0.03887671232223511,
  "num_epochs": 1000,
  "num_points": 186081.0,
  "num_windows": 1328.0,
  "objective": "recuperacao principal",
  "past_len": 8000,
  "pos_encoding_dim": 128,
  "rmse": 0.19717178378823658,
  "run_name": "cenario_G_GRU_temporal_missing_0p3",
  "seed": 100,
  "sliding_window_step": 25,
  "time_scale": 1.0,
  "weight_decay": 1e-05
}