{
  "batch_size": 256,
  "best_test_loss": 0.2914758001764615,
  "bias": 0.041784726083278656,
  "data_removal_ratio": 0.1,
  "final_test_loss": 0.48777366429567337,
  "final_train_loss": 0.06268087989001563,
  "future_len": 2000,
  "hidden_size": 128,
  "learning_rate": 0.0002,
  "mae": 0.21952660381793976,
  "model_variant": "gru_base",
  "mse": 0.07853134721517563,
  "num_epochs": 1000,
  "num_points": 238951.0,
  "num_windows": 1328.0,
  "objective": "robustez",
  "past_len": 8000,
  "pos_encoding_dim": 128,
  "rmse": 0.28023445044315237,
  "run_name": "cenario_B_GRU_base_missing_0p1",
  "seed": 100,
  "sliding_window_step": 25,
  "time_scale": 1.0,
  "weight_decay": 1e-05
}