{
  "batch_size": 256,
  "best_test_loss": 0.15717261036237082,
  "bias": 0.026458747684955597,
  "data_removal_ratio": 0.0,
  "final_test_loss": 0.20558608944217363,
  "final_train_loss": 0.07038105775912602,
  "future_len": 2000,
  "hidden_size": 128,
  "learning_rate": 0.0002,
  "mae": 0.13839784264564514,
  "model_variant": "gru_temporal",
  "mse": 0.03268609195947647,
  "num_epochs": 1000,
  "num_points": 265600.0,
  "num_windows": 1328.0,
  "objective": "controle",
  "past_len": 8000,
  "pos_encoding_dim": 128,
  "rmse": 0.1807929532904324,
  "run_name": "cenario_E_GRU_temporal_missing_0p0",
  "seed": 100,
  "sliding_window_step": 25,
  "time_scale": 1.0,
  "weight_decay": 1e-05
}