{
  "batch_size": 256,
  "best_test_loss": 0.21280418088038763,
  "bias": 0.0728418231010437,
  "data_removal_ratio": 0.3,
  "final_test_loss": 0.23933977261185646,
  "final_train_loss": 0.20679361440918662,
  "future_len": 2000,
  "hidden_size": 128,
  "learning_rate": 0.0002,
  "mae": 0.15715859830379486,
  "model_variant": "gru_temporal",
  "mse": 0.039756398648023605,
  "num_epochs": 100,
  "num_points": 186081.0,
  "num_windows": 1328.0,
  "objective": "recuperacao principal",
  "past_len": 8000,
  "pos_encoding_dim": 128,
  "rmse": 0.19939006657309588,
  "run_name": "cenario_G_GRU_temporal_missing_0p3",
  "seed": 100,
  "sliding_window_step": 25,
  "time_scale": 1.0,
  "weight_decay": 1e-05
}