{
  "batch_size": 256,
  "best_test_loss": 0.4225708345572154,
  "bias": -0.013943751342594624,
  "data_removal_ratio": 0.3,
  "final_test_loss": 0.7382556647062302,
  "final_train_loss": 0.09960839400688808,
  "future_len": 2000,
  "hidden_size": 128,
  "learning_rate": 0.0002,
  "mae": 0.27043771743774414,
  "model_variant": "gru_base",
  "mse": 0.11977003514766693,
  "num_epochs": 1000,
  "num_points": 186081.0,
  "num_windows": 1328.0,
  "objective": "degradacao principal",
  "past_len": 8000,
  "pos_encoding_dim": 128,
  "rmse": 0.3460780766643084,
  "run_name": "cenario_C_GRU_base_missing_0p3",
  "seed": 100,
  "sliding_window_step": 25,
  "time_scale": 1.0,
  "weight_decay": 1e-05
}